Nombre,Pistas,Dirección,Teléfono,Correo,Página Web,Plataforma de Reserva
"Serres de Pals Golf & Sport Club","","Mas Gelabert, 17256, Girona","+34972117106","info@serresdepals.com","https://padelizados.es/es-es/i/1083-serres-de-pals-golf-sport-club/","N/A"
"Camiral A Quinta Do Lago Resort","","","+34972181020","","https://padelizados.es/es-es/i/562-camiral-a-quinta-do-lago-resort/","N/A"
"PADEL GIRONA UALA","","Carrer Can Pau Birol, 11, 17005, Girona","+34662313098","info@padelgirona.com","https://padelizados.es/es-es/i/257-padel-girona-uala/","N/A"
"Gipadel Padel Indoor Girona","","Carrer Joeria Petita, 2B, 17007, Girona","+34872220808","info@gipadel.com","https://padelizados.es/es-es/i/464-gipadel-padel-indoor-girona/","N/A"
"BREAK PADEL GIRONA","","Carrer Barcelona, 232, 17005, Girona","+34645539321","","https://padelizados.es/es-es/i/1363-break-padel-girona/","N/A"
"x3 Club Girona Padel","","Ctra. Cartellà s/n Pol. Ind. Jueria, 17150, Girona","+34972111111","x3@x3padel.com","https://padelizados.es/es-es/i/888-x3-club-girona-padel/","N/A"
"Pàdel Perelló","","Carrer del Mas Falgàs, 2, 17180, Vilablareix","+34606451628","","https://padelizados.es/es-es/i/1447-padel-perello/","N/A"
"Pàdel Riudellots 2","","Avinguda del Mas Pins, 114, 17457, Riudellots de la Selva","+34972909030","info@padelriudellots.com","https://padelizados.es/es-es/i/999-padel-riudellots-2/","N/A"
"Pàdel Riudellots","","Polígon Polingesa, Avinguda Mas Vilà, 59, 17457, Riudellots de la Selva","+34972909030","info@padelriudellots.com","https://padelizados.es/es-es/i/472-padel-riudellots/","N/A"
"Pitch & putt Franciac","","N-2, km 703, 17456, Caldes de Malavella","+34972471028","info@golffranciac.com","https://padelizados.es/es-es/i/1066-pitch-putt-franciac/","N/A"
"Pàdel Estany","","Passeig de la Indústria, s/n, 17834, Porqueres","+34972092212","info@padelestany.cat","https://padelizados.es/es-es/i/704-padel-estany/","N/A"
"Mas Solà Club Santa Coloma de Farners","","Ctra. de Sils, km.2, 17430, Santa Coloma de Farners","","","https://padelizados.es/es-es/i/967-mas-sola-club-santa-coloma-de-farners/","N/A"
"Pàdel Llagostera","","Av. de l'Esport, s/n, 17240, Llagostera","+34659663750","","https://padelizados.es/es-es/i/901-padel-llagostera/","N/A"
"Club Pàdel Vidreres","","Carrer de l'Institut, s/n, 17411, Vidreres","+34659663750","","https://padelizados.es/es-es/i/634-club-padel-vidreres/","N/A"
"Pàdel Gualta GC Sports","","Carretera de Torroella de Montgrí a, Km 1, 17257, Gualta","+34691542243","info@gualta.com","https://padelizados.es/es-es/i/855-padel-gualta-gc-sports/","N/A"
"Mas de Torrent Hotel & Spa","","Afueras de Torrent, S/N, 17123, Torrent","+34972303292","info@mastorrent.com","https://padelizados.es/es-es/i/755-mas-de-torrent-hotel-spa/","N/A"
"Club de Tennis Calonge","","Carrer de les Escoles, 4, 17251, Calonge","+34640297752","tenniscalonge@gmail.com","https://padelizados.es/es-es/i/536-club-de-tennis-calonge/","N/A"
"Club de pádel Nautic Pádel","","Carrer de les Roques Martines, 3, 17250, Sant Feliu de Guíxols","+34972826111","","https://padelizados.es/es-es/i/481-club-de-padel-nautic-padel/","N/A"
"Club Tennis d´Aro","","Lugar Urbanització la Gramoia del Puig Platja d´Aro, s/n, 17250, Sant Feliu de Guíxols","+34972190533","info@clubtennisdaro.com","https://padelizados.es/es-es/i/214-club-tennis-daro/","N/A"
"La Salada Padel & Tennis","","Ronda Narcís Massanas, 71, 17220, Sant Feliu de Guíxols","+34656489468","padeltennis@lasalada.cat","https://padelizados.es/es-es/i/625-la-salada-padel-tennis/","N/A"
"Pàdel Indoor Punt d'Or","","Costa Brava Bulevard, Planta 1, 17200, Palafrugell","+34686016369","","https://padelizados.es/es-es/i/1337-padel-indoor-punt-dor/","N/A"
"MÉS Esport i Salut","","Avinguda de la Verge de Núria, S/n, 17252, Sant Antoni de Calonge","+34972652810","reserves@mesgavarres.com","https://padelizados.es/es-es/i/1168-mes-esport-i-salut/","N/A"
"Club Tennis Costa Brava","","Camí Ral, 3, 17253, Mont-ras","+34972308172","info@clubtenniscostabrava.com","https://padelizados.es/es-es/i/305-club-tennis-costa-brava/","N/A"
"Club de Tennis L'Escala","","Carrer de l'Escorxador, 79, 17130, L'Escala","+34972770138","","https://padelizados.es/es-es/i/738-club-de-tennis-lescala/","N/A"
"Colònies Canyelles","","Av. Canyelles, 25, 17310, Lloret de Mar","+34972365678","info@coloniescanyelles.com","https://padelizados.es/es-es/i/1231-colonies-canyelles/","N/A"
"Padel and Go","","Av. del Rieral, 22, 17310, Lloret de Mar","+34664687525","booking@padelandgo.com","https://padelizados.es/es-es/i/1606-padel-and-go/","N/A"
"La Piscina de Lloret","","Av. del Rieral, 22, 17310, Lloret de Mar","+34972364384","piscina@lloret.cat","https://padelizados.es/es-es/i/889-la-piscina-de-lloret/","N/A"
"Minigolf bar Montplà. Pàdel. Tennis.","","Carretera de Torroella, 17258, L'Estartit","+34972751002"," montpla.estartit@gmail.com","https://padelizados.es/es-es/i/759-minigolf-bar-montpla--padel--tennis/","N/A"
"Club Tennis Llafranc","","Avenida Jesús Serra Santamans, 15-17, 17211, Llafranc","+34972302308","info@tenisllafranc.cat","https://padelizados.es/es-es/i/312-club-tennis-llafranc/","N/A"
"Golf Lloret / Pàdel - Pitch & Putt","","Papalús s/n, 17310, Lloret de Mar","+34609132133","","https://padelizados.es/es-es/i/318-golf-lloret--padel-pitch-putt/","N/A"
"Zona Esportiva Municipal d'Hostalric","","Carrer Via Romana, s/n, 17450, Hostalric","+34619987453","","https://padelizados.es/es-es/i/1293-zona-esportiva-municipal-dhostalric/","N/A"
"ESPAI PÀDEL BLANES","","Ctra. Tordera, km. 4,5, 17300, Blanes","+34608720733","","https://padelizados.es/es-es/i/169-espai-padel-blanes/","N/A"